[
  {
    "name" : "WHMCS Page",
    "view" : "whmcs-page"
  },
  {
    "name" : "Custom Link",
    "view" : "custom-link"
  },
  {
    "name" : "Homepage",
    "view" : "homepage"
  },
  {
    "name" : "Predefined List",
    "view" : "predefined-list"
  },
  {
    "name" : "Divider",
    "view" : "divider"
  },
  {
    "name" : "WHMCS Notifications",
    "view" : "whmcs-notifications"
  },
  {
    "name" : "Client Account",
    "view" : "my-account"
  },
  {
    "name" : "Language",
    "view" : "language"
  },
  {
    "name" : "Currency Switcher",
    "view" : "currency-switcher"
  },
  {
    "name" : "Header",
    "view" : "header"
  }
]