{
    "menu-settings": {
        "name": "Guest Main Menu - WHMCS Defaults",
        "version": "1.0.0",
        "location": "Main Menu",
        "active": 0,
        "display": "Default",
        "rules": ""
    },
    "menu-items": [
        {
            "name": "Home",
            "location": null,
            "active": 1,
            "type": "WHMCS Page",
            "settings": {
                "page": "52",
                "translation-method": "whmcs",
                "icon": "lm lm-home",
                "predefined_icon": ""
            },
            "display": {
                "theme-layout": [
                    "All"
                ],
                "client-status": "All",
                "style": {
                    "top": {
                        "layout": "icon",
                        "button-style": "primary"
                    },
                    "left": {
                        "layout": "icon-text",
                        "button-style": "primary"
                    }
                },
                "position": "left",
                "custom-data-classes": "",
                "target": "0"
            },
            "translation": {
                "whmcs": "clientareanavhome",
                "custom": {
                    "arabic": "",
                    "azerbaijani": "",
                    "catalan": "",
                    "chinese": "",
                    "croatian": "",
                    "czech": "",
                    "danish": "",
                    "dutch": "",
                    "english": "",
                    "estonian": "",
                    "farsi": "",
                    "french": "",
                    "german": "",
                    "hebrew": "",
                    "hungarian": "",
                    "italian": "",
                    "macedonian": "",
                    "norwegian": "",
                    "portuguese-br": "",
                    "portuguese-pt": "",
                    "romanian": "",
                    "russian": "",
                    "spanish": "",
                    "swedish": "",
                    "turkish": "",
                    "ukranian": ""
                }
            }
        },
        {
            "name": "Store",
            "location": null,
            "active": 1,
            "type": "Custom Link",
            "settings": {
                "link": "#",
                "translation-method": "whmcs",
                "icon": "lm lm-basket",
                "predefined_icon": ""
            },
            "display": {
                "theme-layout": [
                    "All"
                ],
                "client-status": "All",
                "style": {
                    "top": {
                        "layout": "text",
                        "button-style": "primary"
                    },
                    "left": {
                        "layout": "icon-text",
                        "button-style": "primary"
                    }
                },
                "position": "left",
                "custom-data-classes": "",
                "target": "0"
            },
            "translation": {
                "whmcs": "navStore",
                "custom": {
                    "arabic": "",
                    "azerbaijani": "",
                    "catalan": "",
                    "chinese": "",
                    "croatian": "",
                    "czech": "",
                    "danish": "",
                    "dutch": "",
                    "english": "",
                    "estonian": "",
                    "farsi": "",
                    "french": "",
                    "german": "",
                    "hebrew": "",
                    "hungarian": "",
                    "italian": "",
                    "macedonian": "",
                    "norwegian": "",
                    "portuguese-br": "",
                    "portuguese-pt": "",
                    "romanian": "",
                    "russian": "",
                    "spanish": "",
                    "swedish": "",
                    "turkish": "",
                    "ukranian": ""
                }
            },
            "items": [
                {
                    "name": "Browse All",
                    "location": null,
                    "active": 1,
                    "type": "WHMCS Page",
                    "settings": {
                        "page": "63",
                        "translation-method": "whmcs",
                        "icon": "lm lm-basket",
                        "predefined_icon": ""
                    },
                    "display": {
                        "client-status": "All",
                        "style": {
                            "layout": "icon-text"
                        },
                        "custom-data-classes": "",
                        "target": "0"
                    },
                    "translation": {
                        "whmcs": "navBrowseProductsServices",
                        "custom": {
                            "arabic": "",
                            "azerbaijani": "",
                            "catalan": "",
                            "chinese": "",
                            "croatian": "",
                            "czech": "",
                            "danish": "",
                            "dutch": "",
                            "english": "",
                            "estonian": "",
                            "farsi": "",
                            "french": "",
                            "german": "",
                            "hebrew": "",
                            "hungarian": "",
                            "italian": "",
                            "macedonian": "",
                            "norwegian": "",
                            "portuguese-br": "",
                            "portuguese-pt": "",
                            "romanian": "",
                            "russian": "",
                            "spanish": "",
                            "swedish": "",
                            "turkish": "",
                            "ukranian": ""
                        }
                    }
                },
                {
                    "name": "-----",
                    "location": null,
                    "active": 1,
                    "type": "Divider",
                    "settings": null,
                    "display": {
                        "client-status": "All",
                        "style": {
                            "layout": "icon-text"
                        },
                        "custom-data-classes": "",
                        "target": "0"
                    },
                    "translation": "-----"
                },
                {
                    "name": "Product Groups",
                    "location": null,
                    "active": 1,
                    "type": "Predefined List",
                    "settings": {
                        "list": "Product Groups"
                    },
                    "display": {
                        "client-status": "All",
                        "style": {
                            "layout": "icon-text"
                        },
                        "custom-data-classes": "",
                        "target": "0"
                    },
                    "translation": "Product Groups"
                },
                {
                    "name": "MarketConnect Products",
                    "location": null,
                    "active": 1,
                    "type": "Predefined List",
                    "settings": {
                        "list": "MarketConnect Products"
                    },
                    "display": {
                        "client-status": "All",
                        "style": {
                            "layout": "icon-text"
                        },
                        "custom-data-classes": "",
                        "target": "0"
                    },
                    "translation": "MarketConnect Products"
                },
                {
                    "name": "-----",
                    "location": null,
                    "active": 1,
                    "type": "Divider",
                    "settings": null,
                    "display": {
                        "client-status": "All",
                        "style": {
                            "layout": "icon-text"
                        },
                        "custom-data-classes": "",
                        "target": "0"
                    },
                    "translation": "-----"
                },
                {
                    "name": "Register a New Domain",
                    "location": null,
                    "active": 1,
                    "type": "WHMCS Page",
                    "settings": {
                        "page": "44",
                        "translation-method": "whmcs",
                        "icon": "lm lm-search",
                        "predefined_icon": ""
                    },
                    "display": {
                        "client-status": "All",
                        "style": {
                            "layout": "icon-text"
                        },
                        "custom-data-classes": "",
                        "target": "0"
                    },
                    "translation": {
                        "whmcs": "navregisterdomain",
                        "custom": {
                            "arabic": "",
                            "azerbaijani": "",
                            "catalan": "",
                            "chinese": "",
                            "croatian": "",
                            "czech": "",
                            "danish": "",
                            "dutch": "",
                            "english": "",
                            "estonian": "",
                            "farsi": "",
                            "french": "",
                            "german": "",
                            "hebrew": "",
                            "hungarian": "",
                            "italian": "",
                            "macedonian": "",
                            "norwegian": "",
                            "portuguese-br": "",
                            "portuguese-pt": "",
                            "romanian": "",
                            "russian": "",
                            "spanish": "",
                            "swedish": "",
                            "turkish": "",
                            "ukranian": ""
                        }
                    }
                },
                {
                    "name": "Transfer Domains to Us",
                    "location": null,
                    "active": 1,
                    "type": "WHMCS Page",
                    "settings": {
                        "page": "45",
                        "translation-method": "whmcs",
                        "icon": "lm lm-globe",
                        "predefined_icon": ""
                    },
                    "display": {
                        "client-status": "All",
                        "style": {
                            "layout": "icon-text"
                        },
                        "custom-data-classes": "",
                        "target": "0"
                    },
                    "translation": {
                        "whmcs": "navtransferdomain",
                        "custom": {
                            "arabic": "",
                            "azerbaijani": "",
                            "catalan": "",
                            "chinese": "",
                            "croatian": "",
                            "czech": "",
                            "danish": "",
                            "dutch": "",
                            "english": "",
                            "estonian": "",
                            "farsi": "",
                            "french": "",
                            "german": "",
                            "hebrew": "",
                            "hungarian": "",
                            "italian": "",
                            "macedonian": "",
                            "norwegian": "",
                            "portuguese-br": "",
                            "portuguese-pt": "",
                            "romanian": "",
                            "russian": "",
                            "spanish": "",
                            "swedish": "",
                            "turkish": "",
                            "ukranian": ""
                        }
                    }
                }
            ]
        },
        {
            "name": "News",
            "location": null,
            "active": 1,
            "type": "WHMCS Page",
            "settings": {
                "page": "13",
                "translation-method": "whmcs",
                "icon": "lm lm-document",
                "predefined_icon": ""
            },
            "display": {
                "theme-layout": [
                    "All"
                ],
                "client-status": "All",
                "style": {
                    "top": {
                        "layout": "text",
                        "button-style": "primary"
                    },
                    "left": {
                        "layout": "icon-text",
                        "button-style": "primary"
                    }
                },
                "position": "left",
                "custom-data-classes": "",
                "target": "0"
            },
            "translation": {
                "whmcs": "news",
                "custom": {
                    "arabic": "",
                    "azerbaijani": "",
                    "catalan": "",
                    "chinese": "",
                    "croatian": "",
                    "czech": "",
                    "danish": "",
                    "dutch": "",
                    "english": "",
                    "estonian": "",
                    "farsi": "",
                    "french": "",
                    "german": "",
                    "hebrew": "",
                    "hungarian": "",
                    "italian": "",
                    "macedonian": "",
                    "norwegian": "",
                    "portuguese-br": "",
                    "portuguese-pt": "",
                    "romanian": "",
                    "russian": "",
                    "spanish": "",
                    "swedish": "",
                    "turkish": "",
                    "ukranian": ""
                }
            }
        },
        {
            "name": "Knowledgebase",
            "location": null,
            "active": 1,
            "type": "WHMCS Page",
            "settings": {
                "page": "55",
                "translation-method": "whmcs",
                "icon": "ls ls-document-info",
                "predefined_icon": ""
            },
            "display": {
                "theme-layout": [
                    "All"
                ],
                "client-status": "All",
                "style": {
                    "top": {
                        "layout": "text",
                        "button-style": "primary"
                    },
                    "left": {
                        "layout": "icon-text",
                        "button-style": "primary"
                    }
                },
                "position": "left",
                "custom-data-classes": "",
                "target": "0"
            },
            "translation": {
                "whmcs": "knowledgebasetitle",
                "custom": {
                    "arabic": "",
                    "azerbaijani": "",
                    "catalan": "",
                    "chinese": "",
                    "croatian": "",
                    "czech": "",
                    "danish": "",
                    "dutch": "",
                    "english": "",
                    "estonian": "",
                    "farsi": "",
                    "french": "",
                    "german": "",
                    "hebrew": "",
                    "hungarian": "",
                    "italian": "",
                    "macedonian": "",
                    "norwegian": "",
                    "portuguese-br": "",
                    "portuguese-pt": "",
                    "romanian": "",
                    "russian": "",
                    "spanish": "",
                    "swedish": "",
                    "turkish": "",
                    "ukranian": ""
                }
            }
        },
        {
            "name": "Network Status",
            "location": null,
            "active": 1,
            "type": "WHMCS Page",
            "settings": {
                "page": "65",
                "translation-method": "whmcs",
                "icon": "lm lm-range",
                "predefined_icon": ""
            },
            "display": {
                "theme-layout": [
                    "All"
                ],
                "client-status": "All",
                "style": {
                    "top": {
                        "layout": "text",
                        "button-style": "primary"
                    },
                    "left": {
                        "layout": "icon-text",
                        "button-style": "primary"
                    }
                },
                "position": "left",
                "custom-data-classes": "",
                "target": "0"
            },
            "translation": {
                "whmcs": "networkstatustitle",
                "custom": {
                    "arabic": "",
                    "azerbaijani": "",
                    "catalan": "",
                    "chinese": "",
                    "croatian": "",
                    "czech": "",
                    "danish": "",
                    "dutch": "",
                    "english": "",
                    "estonian": "",
                    "farsi": "",
                    "french": "",
                    "german": "",
                    "hebrew": "",
                    "hungarian": "",
                    "italian": "",
                    "macedonian": "",
                    "norwegian": "",
                    "portuguese-br": "",
                    "portuguese-pt": "",
                    "romanian": "",
                    "russian": "",
                    "spanish": "",
                    "swedish": "",
                    "turkish": "",
                    "ukranian": ""
                }
            }
        },
        {
            "name": "Affiliates",
            "location": null,
            "active": 1,
            "type": "WHMCS Page",
            "settings": {
                "page": "11",
                "translation-method": "whmcs",
                "icon": "lm lm-bar-graph",
                "predefined_icon": ""
            },
            "display": {
                "theme-layout": [
                    "All"
                ],
                "client-status": "All",
                "style": {
                    "top": {
                        "layout": "text",
                        "button-style": "primary"
                    },
                    "left": {
                        "layout": "icon-text",
                        "button-style": "primary"
                    }
                },
                "position": "left",
                "custom-data-classes": "",
                "target": "0"
            },
            "translation": {
                "whmcs": "affiliatestitle",
                "custom": {
                    "arabic": "",
                    "azerbaijani": "",
                    "catalan": "",
                    "chinese": "",
                    "croatian": "",
                    "czech": "",
                    "danish": "",
                    "dutch": "",
                    "english": "",
                    "estonian": "",
                    "farsi": "",
                    "french": "",
                    "german": "",
                    "hebrew": "",
                    "hungarian": "",
                    "italian": "",
                    "macedonian": "",
                    "norwegian": "",
                    "portuguese-br": "",
                    "portuguese-pt": "",
                    "romanian": "",
                    "russian": "",
                    "spanish": "",
                    "swedish": "",
                    "turkish": "",
                    "ukranian": ""
                }
            }
        },
        {
            "name": "Contact Us",
            "location": null,
            "active": 1,
            "type": "WHMCS Page",
            "settings": {
                "page": "41",
                "translation-method": "whmcs",
                "icon": "lm lm-envelope",
                "predefined_icon": ""
            },
            "display": {
                "theme-layout": [
                    "All"
                ],
                "client-status": "All",
                "style": {
                    "top": {
                        "layout": "text",
                        "button-style": "primary"
                    },
                    "left": {
                        "layout": "icon-text",
                        "button-style": "primary"
                    }
                },
                "position": "left",
                "custom-data-classes": "",
                "target": "0"
            },
            "translation": {
                "whmcs": "contactus",
                "custom": {
                    "arabic": "",
                    "azerbaijani": "",
                    "catalan": "",
                    "chinese": "",
                    "croatian": "",
                    "czech": "",
                    "danish": "",
                    "dutch": "",
                    "english": "New Item",
                    "estonian": "",
                    "farsi": "",
                    "french": "",
                    "german": "",
                    "hebrew": "",
                    "hungarian": "",
                    "italian": "",
                    "macedonian": "",
                    "norwegian": "",
                    "portuguese-br": "",
                    "portuguese-pt": "",
                    "romanian": "",
                    "russian": "",
                    "spanish": "",
                    "swedish": "",
                    "turkish": "",
                    "ukranian": ""
                }
            }
        },
        {
            "name": "Register",
            "location": null,
            "active": 1,
            "type": "WHMCS Page",
            "settings": {
                "page": "33",
                "translation-method": "whmcs",
                "icon": "",
                "predefined_icon": ""
            },
            "display": {
                "theme-layout": [
                    "Default",
                    "Condensed"
                ],
                "client-status": "All",
                "style": {
                    "top": {
                        "layout": "button",
                        "button-style": "outline"
                    },
                    "left": {
                        "layout": "icon-text",
                        "button-style": "primary"
                    }
                },
                "position": "right",
                "custom-data-classes": "d-md-none d-lg-flex",
                "target": "0"
            },
            "translation": {
                "whmcs": "register",
                "custom": {
                    "arabic": "",
                    "azerbaijani": "",
                    "catalan": "",
                    "chinese": "",
                    "croatian": "",
                    "czech": "",
                    "danish": "",
                    "dutch": "",
                    "english": "",
                    "estonian": "",
                    "farsi": "",
                    "french": "",
                    "german": "",
                    "hebrew": "",
                    "hungarian": "",
                    "italian": "",
                    "macedonian": "",
                    "norwegian": "",
                    "portuguese-br": "",
                    "portuguese-pt": "",
                    "romanian": "",
                    "russian": "",
                    "spanish": "",
                    "swedish": "",
                    "turkish": "",
                    "ukranian": ""
                }
            }
        },
        {
            "name": "Login",
            "location": null,
            "active": 1,
            "type": "WHMCS Page",
            "settings": {
                "page": "58",
                "translation-method": "whmcs",
                "icon": "",
                "predefined_icon": ""
            },
            "display": {
                "theme-layout": [
                    "Default",
                    "Condensed"
                ],
                "client-status": "All",
                "style": {
                    "top": {
                        "layout": "button",
                        "button-style": "primary"
                    },
                    "left": {
                        "layout": "icon-text",
                        "button-style": "primary"
                    }
                },
                "position": "right",
                "custom-data-classes": "d-md-none d-lg-flex",
                "target": "0"
            },
            "translation": {
                "whmcs": "login",
                "custom": {
                    "arabic": "",
                    "azerbaijani": "",
                    "catalan": "",
                    "chinese": "",
                    "croatian": "",
                    "czech": "",
                    "danish": "",
                    "dutch": "",
                    "english": "",
                    "estonian": "",
                    "farsi": "",
                    "french": "",
                    "german": "",
                    "hebrew": "",
                    "hungarian": "",
                    "italian": "",
                    "macedonian": "",
                    "norwegian": "",
                    "portuguese-br": "",
                    "portuguese-pt": "",
                    "romanian": "",
                    "russian": "",
                    "spanish": "",
                    "swedish": "",
                    "turkish": "",
                    "ukranian": ""
                }
            }
        },
        {
            "name": "Language",
            "location": null,
            "active": 1,
            "type": "Language",
            "settings": null,
            "display": {
                "theme-layout": [
                    "All"
                ],
                "client-status": "All",
                "style": {
                    "top": {
                        "layout": "text",
                        "button-style": "primary"
                    },
                    "left": {
                        "layout": "icon-text",
                        "button-style": "primary"
                    }
                },
                "position": "left",
                "custom-data-classes": "d-lg-none",
                "target": "0"
            },
            "translation": "Language"
        }
    ]
}